<?xml version="1.0" encoding="UTF-8"?>
<project name="module_bm346checkers" default="compile.module.bm346checkers">
  <dirname property="module.bm346checkers.basedir" file="${ant.file.module_bm346checkers}"/>
  
  <property name="module.jdk.home.bm346checkers" value="${jdk.home.1.8}"/>
  <property name="module.jdk.bin.bm346checkers" value="${jdk.bin.1.8}"/>
  <property name="module.jdk.classpath.bm346checkers" value="jdk.classpath.1.8"/>
  
  <property name="compiler.args.bm346checkers" value="-encoding UTF-8 -source 8 -target 8 ${compiler.args}"/>
  
  <property name="bm346checkers.output.dir" value="${module.bm346checkers.basedir}/out/production/Bm346Checkers"/>
  <property name="bm346checkers.testoutput.dir" value="${module.bm346checkers.basedir}/out/test/Bm346Checkers"/>
  
  <path id="bm346checkers.module.bootclasspath">
    <!-- Paths to be included in compilation bootclasspath -->
  </path>
  
  <path id="bm346checkers.module.production.classpath">
    <path refid="${module.jdk.classpath.bm346checkers}"/>
    <path refid="library.bm346checkers.classpath"/>
  </path>
  
  <path id="bm346checkers.runtime.production.module.classpath">
    <pathelement location="${bm346checkers.output.dir}"/>
    <path refid="library.bm346checkers.classpath"/>
  </path>
  
  <path id="bm346checkers.module.classpath">
    <path refid="${module.jdk.classpath.bm346checkers}"/>
    <pathelement location="${bm346checkers.output.dir}"/>
    <path refid="library.bm346checkers.classpath"/>
  </path>
  
  <path id="bm346checkers.runtime.module.classpath">
    <pathelement location="${bm346checkers.testoutput.dir}"/>
    <pathelement location="${bm346checkers.output.dir}"/>
    <path refid="library.bm346checkers.classpath"/>
  </path>
  
  
  <patternset id="excluded.from.module.bm346checkers">
    <patternset refid="ignored.files"/>
  </patternset>
  
  <patternset id="excluded.from.compilation.bm346checkers">
    <patternset refid="excluded.from.module.bm346checkers"/>
  </patternset>
  
  <path id="bm346checkers.module.sourcepath">
    <dirset dir="${module.bm346checkers.basedir}">
      <include name="src"/>
    </dirset>
  </path>
  
  
  <target name="compile.module.bm346checkers" depends="compile.module.bm346checkers.production,compile.module.bm346checkers.tests" description="Compile module Bm346Checkers"/>
  
  <target name="compile.module.bm346checkers.production" depends="register.custom.compilers" description="Compile module Bm346Checkers; production classes">
    <mkdir dir="${bm346checkers.output.dir}"/>
    <javac2 destdir="${bm346checkers.output.dir}" debug="${compiler.debug}" nowarn="${compiler.generate.no.warnings}" memorymaximumsize="${compiler.max.memory}" fork="true" executable="${module.jdk.bin.bm346checkers}/javac">
      <compilerarg line="${compiler.args.bm346checkers}"/>
      <bootclasspath refid="bm346checkers.module.bootclasspath"/>
      <classpath refid="bm346checkers.module.production.classpath"/>
      <src refid="bm346checkers.module.sourcepath"/>
      <patternset refid="excluded.from.compilation.bm346checkers"/>
    </javac2>
    
    <copy todir="${bm346checkers.output.dir}">
      <fileset dir="${module.bm346checkers.basedir}/src">
        <patternset refid="compiler.resources"/>
        <type type="file"/>
      </fileset>
    </copy>
  </target>
  
  <target name="compile.module.bm346checkers.tests" depends="register.custom.compilers,compile.module.bm346checkers.production" description="compile module Bm346Checkers; test classes" unless="skip.tests"/>
  
  <target name="clean.module.bm346checkers" description="cleanup module">
    <delete dir="${bm346checkers.output.dir}"/>
    <delete dir="${bm346checkers.testoutput.dir}"/>
  </target>
</project>